{
  "obsidian-enhancing-mindmap:Toggle to markdown or mindmap": [
    {
      "modifiers": [
        "Mod"
      ],
      "key": "M"
    }
  ],
  "highlightr-plugin:Red": [],
  "highlightr-plugin:Yellow": [],
  "highlightr-plugin:Green": [],
  "nldates-obsidian:nlp-time": [
    {
      "modifiers": [
        "Alt",
        "Mod"
      ],
      "key": "T"
    }
  ],
  "highlightr-plugin:Blue": [],
  "highlightr-plugin:Pink": [
    {
      "modifiers": [
        "Mod"
      ],
      "key": "H"
    }
  ],
  "highlightr-plugin:unhighlight": [
    {
      "modifiers": [
        "Mod",
        "Shift"
      ],
      "key": "H"
    }
  ],
  "highlightr-plugin:highlighter-plugin-menu": [],
  "obsidian-smarter-md-hotkeys:smarter-toggle-heading-reverse": [
    {
      "modifiers": [
        "Alt",
        "Mod"
      ],
      "key": "-"
    }
  ],
  "obsidian-smarter-md-hotkeys:smarter-toggle-heading": [
    {
      "modifiers": [
        "Alt",
        "Mod"
      ],
      "key": "="
    }
  ],
  "obsidian-smarter-md-hotkeys:smarter-asterisk-bold": [],
  "obsidian-mind-map:app:markmap-preview": [
    {
      "modifiers": [
        "Mod"
      ],
      "key": "P"
    }
  ],
  "obsidian-heading-shifter:apply-heading1": [
    {
      "modifiers": [
        "Alt",
        "Mod"
      ],
      "key": "1"
    }
  ],
  "obsidian-heading-shifter:apply-heading2": [
    {
      "modifiers": [
        "Alt",
        "Mod"
      ],
      "key": "2"
    }
  ],
  "obsidian-heading-shifter:apply-heading3": [
    {
      "modifiers": [
        "Alt",
        "Mod"
      ],
      "key": "3"
    }
  ],
  "obsidian-heading-shifter:apply-heading4": [
    {
      "modifiers": [
        "Alt",
        "Mod"
      ],
      "key": "4"
    }
  ],
  "obsidian-heading-shifter:apply-heading5": [
    {
      "modifiers": [
        "Alt",
        "Mod"
      ],
      "key": "5"
    }
  ],
  "obsidian-heading-shifter:apply-heading6": [
    {
      "modifiers": [
        "Alt",
        "Mod"
      ],
      "key": "6"
    }
  ],
  "obsidian-heading-shifter:apply-heading0": [
    {
      "modifiers": [
        "Alt",
        "Mod"
      ],
      "key": "0"
    }
  ],
  "obsidian-editor-shortcuts:duplicateLine": [],
  "obsidian-editor-shortcuts:insertLineAbove": [],
  "obsidian-editor-shortcuts:insertLineBelow": [],
  "obsidian-editor-shortcuts:selectAllOccurrences": [],
  "obsidian-excalidraw-plugin:insert-link": [],
  "daily-notes": [
    {
      "modifiers": [
        "Ctrl"
      ],
      "key": "T"
    }
  ],
  "daily-notes:goto-prev": [
    {
      "modifiers": [
        "Ctrl"
      ],
      "key": "Y"
    }
  ],
  "obsidian-toggle-list:Task-Prev": [],
  "periodic-notes:show-date-switcher": [
    {
      "modifiers": [
        "Mod"
      ],
      "key": "G"
    }
  ],
  "pane-relief:put-1st": [],
  "pane-relief:put-2nd": [],
  "pane-relief:put-3rd": [],
  "pane-relief:put-4th": [],
  "pane-relief:put-5th": [],
  "pane-relief:put-6th": [],
  "pane-relief:put-7th": [],
  "pane-relief:put-8th": [],
  "pane-relief:put-last": [],
  "omnisearch:show-modal": [
    {
      "modifiers": [
        "Mod"
      ],
      "key": "K"
    }
  ],
  "omnisearch:show-modal-infile": [],
  "obsidian-auto-link-title:auto-link-title-normal-paste": [],
  "global-search-and-replace:search-and-replace": [],
  "global-search:search-and-replace": [
    {
      "modifiers": [
        "Mod"
      ],
      "key": "K"
    }
  ],
  "float-search:search-obsidian-globally": [],
  "obsidian-linter:lint-file": [
    {
      "modifiers": [
        "Mod"
      ],
      "key": "L"
    }
  ],
  "float-search:search-obsidian-globally-state": [
    {
      "modifiers": [
        "Mod"
      ],
      "key": "K"
    }
  ]
}