{
  "main": {
    "id": "37a4ece0ae44376a",
    "type": "split",
    "children": [
      {
        "id": "33a6ffc28c30bd4d",
        "type": "tabs",
        "children": [
          {
            "id": "dc4b2b485ebe6689",
            "type": "leaf",
            "state": {
              "type": "canvas",
              "state": {
                "file": "HOME.canvas",
                "viewState": {
                  "x": -180,
                  "y": 130,
                  "zoom": -0.18539821385424635
                }
              },
              "icon": "lucide-layout-dashboard",
              "title": "HOME"
            }
          }
        ]
      }
    ],
    "direction": "vertical"
  },
  "left": {
    "id": "033576a6b33dff69",
    "type": "split",
    "children": [
      {
        "id": "b454898db4c8f945",
        "type": "tabs",
        "dimension": 42.58001939864209,
        "children": [
          {
            "id": "84f717612dca405e",
            "type": "leaf",
            "state": {
              "type": "periodic-para",
              "state": {},
              "icon": "zap",
              "title": "LifeOS"
            }
          }
        ]
      },
      {
        "id": "84e30e37024d9f2a",
        "type": "tabs",
        "dimension": 57.41998060135791,
        "children": [
          {
            "id": "318abbbcd7749f6f",
            "type": "leaf",
            "state": {
              "type": "file-explorer",
              "state": {
                "sortOrder": "alphabetical"
              },
              "icon": "lucide-folder-closed",
              "title": "文件列表"
            }
          },
          {
            "id": "cc8540b919f4ee67",
            "type": "leaf",
            "state": {
              "type": "search",
              "state": {
                "query": "",
                "matchingCase": false,
                "explainSearch": false,
                "collapseAll": false,
                "extraContext": false,
                "sortOrder": "alphabetical"
              },
              "icon": "lucide-search",
              "title": "搜索"
            }
          },
          {
            "id": "9b78bc0e4508fc3f",
            "type": "leaf",
            "state": {
              "type": "tag",
              "state": {
                "sortOrder": "frequency",
                "useHierarchy": true
              },
              "icon": "lucide-tags",
              "title": "标签"
            }
          },
          {
            "id": "e2f9ecf537a853a4",
            "type": "leaf",
            "state": {
              "type": "bookmarks",
              "state": {},
              "icon": "lucide-bookmark",
              "title": "书签"
            }
          }
        ]
      }
    ],
    "direction": "horizontal",
    "width": 315.5
  },
  "right": {
    "id": "e909704c2c67d329",
    "type": "split",
    "children": [
      {
        "id": "8d590967b738185b",
        "type": "tabs",
        "children": [
          {
            "id": "bfe60a9c435028cc",
            "type": "leaf",
            "state": {
              "type": "outgoing-link",
              "state": {
                "file": "0. PeriodicNotes/Templates/Quarterly.md",
                "linksCollapsed": false,
                "unlinkedCollapsed": true
              },
              "icon": "links-going-out",
              "title": "Quarterly 的出链列表"
            }
          },
          {
            "id": "6d086e2d3fce45ca",
            "type": "leaf",
            "state": {
              "type": "outline",
              "state": {
                "file": "0. PeriodicNotes/Templates/Quarterly.md"
              },
              "icon": "lucide-list",
              "title": "Quarterly 的大纲"
            }
          },
          {
            "id": "fdf26b19b598132b",
            "type": "leaf",
            "state": {
              "type": "backlink",
              "state": {
                "file": "0. PeriodicNotes/Templates/Quarterly.md",
                "collapseAll": false,
                "extraContext": false,
                "sortOrder": "alphabetical",
                "showSearch": false,
                "searchQuery": "",
                "backlinkCollapsed": false,
                "unlinkedCollapsed": true
              },
              "icon": "links-coming-in",
              "title": "Quarterly 的反向链接列表"
            }
          },
          {
            "id": "14a387d228e8b0a8",
            "type": "leaf",
            "state": {
              "type": "all-properties",
              "state": {
                "sortOrder": "frequency",
                "showSearch": false,
                "searchQuery": ""
              },
              "icon": "lucide-archive",
              "title": "添加笔记属性"
            }
          }
        ]
      }
    ],
    "direction": "horizontal",
    "width": 356.5,
    "collapsed": true
  },
  "left-ribbon": {
    "hiddenItems": {
      "switcher:打开快速切换": false,
      "graph:查看关系图谱": false,
      "canvas:新建白板": false,
      "daily-notes:打开/创建今天的日记": false,
      "command-palette:打开命令面板": false,
      "random-note:开始漫游笔记": false,
      "workspaces:管理工作区布局": false,
      "templater-obsidian:Templater": false,
      "periodic-para:LifeOS 创建": false
    }
  },
  "active": "dc4b2b485ebe6689",
  "lastOpenFiles": [
    "5. Express/blogs/Building my second brain 🧠 with Obsidian.md",
    "-1. Capture/Predicting The Future.md",
    "-1. Capture/Advice for ambitious 19 year olds.md",
    "0. PeriodicNotes/Templates/Daily.md",
    "0. PeriodicNotes/Templates/Quarterly.md",
    "0. PeriodicNotes/Templates/Monthly.md",
    "README.md",
    "0. PeriodicNotes/2023/Daily/06/2023-06-01.md",
    "HOME.canvas",
    "2. Areas/work/work.README.md",
    "0. PeriodicNotes/2024/Daily/04/2024-04-28.md",
    "0. PeriodicNotes/2024/Daily/04/2024-04-04.md",
    "0. PeriodicNotes/2024/Daily/04",
    "0. PeriodicNotes/2023/Weekly/2023-W23.md",
    "1. Projects/parenting-first-birthday-banquet/first-birthday-banquet.README.md",
    "0. PeriodicNotes/2024/Daily/03/2024-03-30.md",
    "0. PeriodicNotes/2024/Weekly/2024-W13.md",
    "0. PeriodicNotes/2024/Daily/03",
    "0. PeriodicNotes/2024/Daily",
    "-1. Capture/README.md",
    "0. PeriodicNotes/2024/Weekly",
    "0. PeriodicNotes/2024",
    "5. Express/README.md",
    "-1. Capture/Quality software deserves your hard‑earned cash.md",
    "1. Projects/README.md",
    "4. Archives/README.md",
    "3. Resources/README.md",
    "2. Areas/README.md",
    "1. Projects/personal-brand-wot-sharing-meeting/wot-sharing-meeting.README.md",
    "1. Projects/personal-brand-wot-sharing-meeting/speech rehearsal/Tips for Public Speaking.md",
    "1. Projects/personal-brand-wot-sharing-meeting/speech rehearsal/Verbatim manuscript.md",
    "1. Projects/personal-brand-wot-sharing-meeting/speech rehearsal/Existing problems.md",
    "1. Projects/personal-brand-wot-sharing-meeting/architecture diagram/Monorepo.svg",
    "1. Projects/personal-brand-wot-sharing-meeting/Front-end Engineering Practice of ByteDance.pdf",
    "0. PeriodicNotes/2024/Quarterly",
    "0. PeriodicNotes/2024/Monthly",
    "0. PeriodicNotes/2024/Daily/02",
    "5. Express/blogs",
    "1. Projects/personal-brand-wot-sharing-meeting/architecture diagram/Polyrepo.svg",
    "4. Archives/parenting-take-a-name/baby-name.png",
    "4. Archives/parenting-take-a-name/林奕如.png",
    "1. Projects/personal-brand-wot-sharing-meeting/Attachments/PPT 素材/warning.svg",
    "1. Projects/personal-brand-wot-sharing-meeting/Attachments/PPT 素材/warning.png",
    "1. Projects/personal-brand-wot-sharing-meeting/Attachments/PPT 素材/rollup-logo.svg",
    "1. Projects/personal-brand-wot-sharing-meeting/Attachments/PPT 素材/repo-hero-logo-light.svg",
    "1. Projects/personal-brand-wot-sharing-meeting/Attachments/PPT 素材/monitor.svg",
    "1. Projects/personal-brand-wot-sharing-meeting/Attachments/PPT 素材/monitor.png",
    "主页.canvas",
    "Templates/HOME.canvas",
    "hello/HOME.canvas",
    "hello/Templates/HOME.canvas"
  ]
}